{
  "students": [
    {
      "nome": "nome",
      "email": "email",
      "observacao": "observacao"
    },
    {
      "nome": "ALINE AMARAL DE SOUZA",
      "email": "alineamaraldesouza767@gmail.com",
      "observacao": "|g:301-2023|"
    },
    {
      "nome": "BÁRBARA MÜLLER",
      "email": "barbaram2627@gmail.com",
      "observacao": "|g:301-2023|"
    },
    {
      "nome": "BEATRIZ BOLOGNA MASSINANI",
      "email": "beatrizbmassinani@gmail.com",
      "observacao": "|g:301-2023|"
    },
    {
      "nome": "BRUNO HENRIQUE REITER",
      "email": "brunohenriquereiter@gmail.com",
      "observacao": "|g:301-2023|"
    },
    {
      "nome": "BRUNO MAFFEZZOLI RODRIGUES",
      "email": "brunomaffezzolirodrigues0@gmail.com",
      "observacao": "|g:301-2023|"
    },
    {
      "nome": "CAMILLA ROSA",
      "email": "camillarosa1710@gmail.com",
      "observacao": "|g:301-2023|"
    },
    {
      "nome": "DAVI GABRIEL KRUEGER",
      "email": "davigk13@gmail.com",
      "observacao": "|g:301-2023|"
    },
    {
      "nome": "EDUARDA DA SILVA GUEDES",
      "email": "eduardaestudo@hotmail.com",
      "observacao": "|g:301-2023|"
    },
    {
      "nome": "GABRIEL BUGMANN VANZUITA",
      "email": "gabrielbvanzuita@gmail.com",
      "observacao": "|g:301-2023|"
    },
    {
      "nome": "GABRIEL DUARTE FAGUNDES",
      "email": "gabrielduartefagundes@gmail.com",
      "observacao": "|g:301-2023|"
    },
    {
      "nome": "GABRIEL HENRIQUE MENGARDA",
      "email": "gabrielhenriquemengarda@gmail.com",
      "observacao": "|g:301-2023|"
    },
    {
      "nome": "GABRIELLA ROSA",
      "email": "gabriellarosa1410@gmail.com",
      "observacao": "|g:301-2023|"
    },
    {
      "nome": "GUSTAVO HENRIQUE ROEPKE",
      "email": "gustavoh.roepke@gmail.com",
      "observacao": "|g:301-2023|"
    },
    {
      "nome": "HAIDY JANDRE",
      "email": "haidyjandree10@gmail.com",
      "observacao": "|g:301-2023|"
    },
    {
      "nome": "HELOISA LOOS PASTA",
      "email": "heloisaloospasta9@gmail.com",
      "observacao": "|g:301-2023|"
    },
    {
      "nome": "HELTON PATRICIO DE SOUZA",
      "email": "heltonpsouza@gmail.com",
      "observacao": "|g:301-2023|"
    },
    {
      "nome": "ISABELLI VITÓRIA DE OLIVEIRA SILVA",
      "email": "isabelliv797@gmail.com",
      "observacao": "|g:301-2023|"
    },
    {
      "nome": "JOABE MIGUEL NUNC",
      "email": "joabenuncnfoonro77@gmail.com",
      "observacao": "|g:301-2023|"
    },
    {
      "nome": "LUCAS EDUARDO KREUCH",
      "email": "lucaskreuch77@gmail.com",
      "observacao": "|g:301-2023|"
    },
    {
      "nome": "MARIA CLARA DE SOUZA",
      "email": "mariaclaratimbo3@gmail.com",
      "observacao": "|g:301-2023|"
    },
    {
      "nome": "MATHEUS WILLIAM JOENCK",
      "email": "matheuswilliamjoenck@gmail.com",
      "observacao": "|g:301-2023|"
    },
    {
      "nome": "TIAGO SILVA DOS SANTOS",
      "email": "gansumemes@gmail.com",
      "observacao": "|g:301-2023|"
    },
    {
      "nome": "VINÍCIUS DE OLIVEIRA",
      "email": "viniflamengo435052@gmail.com",
      "observacao": "|g:301-2023|"
    },
    {
      "nome": "VINICIUS FRIEDRICH BLAU",
      "email": "viniciusblau49@gmail.com",
      "observacao": "|g:301-2023|"
    },
    {
      "nome": "VITORIA MARIA RAMOS ALENCAR",
      "email": "vitoriamaria1560@gmail.com",
      "observacao": "|g:301-2023|"
    },
    {
      "nome": "YASMIN VICTORIA ALVES DE SOUZ",
      "email": "yasminalvesdesouza27@gmail.com",
      "observacao": "|g:301-2023|"
    }
  ]
}
