[
  {
    "nome": "AMANDA EYNG",
    "email": "amandaeyng00@gmail.com",
    "observacao": "|g:202-2023|"
  },
  {
    "nome": "AMANDA FORTUNATO",
    "email": "amandafortunato0707@gmail.com",
    "observacao": "não vem mais"
  },
  {
    "nome": "BEATRIZ CRISTINA DESCHAMPS",
    "email": "beatrizdeschamps59@gmail.com",
    "observacao": "|g:202-2023|"
  },
  {
    "nome": "CAMILA HERMANN TOMIO",
    "email": "camilahermann2802@gmail.com",
    "observacao": "|g:202-2023|"
  },
  {
    "nome": "DAVID MARQUES DAVID",
    "email": "davidmarquesdavid1234@gmail.com",
    "observacao": "|g:202-2023|"
  },
  {
    "nome": "ENZO GABRIEL MIRANDA",
    "email": "enzoblu.ti@gmail.com",
    "observacao": "|g:202-2023|"
  },
  {
    "nome": "ESTELA HEIDEMANN LEAL",
    "email": "estelaheidemann@gmail.com",
    "observacao": "|g:202-2023|"
  },
  {
    "nome": "FABIO DA CRUZ CARL",
    "email": "fabiocarl68@gmail.com",
    "observacao": "não vem mais"
  },
  {
    "nome": "FELIPE STEDILE VIDAL",
    "email": "felipestedilevidal01@gmail.com",
    "observacao": "|g:202-2023|"
  },
  {
    "nome": "GABRIEL BELLI",
    "email": "gabrielbelli84@gmail.com",
    "observacao": "não vem mais"
  },
  {
    "nome": "GABRIELA EDUARDA NICOLETTI",
    "email": "gabrielaneduarda@gmail.com",
    "observacao": "não vem mais"
  },
  {
    "nome": "GUILHERME GABRIEL SIQUEIRA SANTIAGO",
    "email": "guigabriel0407@gmail.com",
    "observacao": "|g:202-2023|"
  },
  {
    "nome": "GUSTAVO HENRIQUE NOGUEIRA DOS SANTOS",
    "email": "gustavoghnds@gmail.com",
    "observacao": "|g:202-2023|"
  },
  {
    "nome": "HEITOR OTTO ZIMLICH SUPIS",
    "email": "heitorotto502@gmail.com",
    "observacao": "|g:202-2023|"
  },
  {
    "nome": "JHULIA JOCIANE BENDER",
    "email": "jpjoci.jhu.ca@gmail.com",
    "observacao": "|g:202-2023|"
  },
  {
    "nome": "JOÃO VICTOR DA SILVA TOSTO",
    "email": "jonnysilvatosto@gmail.com",
    "observacao": "|g:202-2023|"
  },
  {
    "nome": "JOEL REIS TILL",
    "email": "marciareis748@gmail.com",
    "observacao": "|g:202-2023|"
  },
  {
    "nome": "JÚLIA FERNANDA DE AMARAL",
    "email": "jufernandaamaral@gmail.com",
    "observacao": "|g:202-2023|"
  },
  {
    "nome": "KAUÃ VINICIUS DE MIRANDA",
    "email": "kaua082310@gmail.com",
    "observacao": "|g:202-2023|"
  },
  {
    "nome": "KEMILLY DOMINGOS DE SOUZA",
    "email": "kemillydomingos9@gmail.com",
    "observacao": "|g:202-2023|"
  },
  {
    "nome": "LAURA KIARA LENZI",
    "email": "lenzikiaralaura@gmail.com",
    "observacao": "|g:202-2023|"
  },
  {
    "nome": "LEONARDO OLIVEIRA DE SOUSA",
    "email": "leonardostd2412@gmail.com",
    "observacao": "|g:202-2023|"
  },
  {
    "nome": "LETÍCIA GABRIELA HENSCHEL",
    "email": "lele.henschel@gmail.com",
    "observacao": "|g:202-2023|"
  },
  {
    "nome": "MARYANA PEREIRA DE OLIVEIRA",
    "email": "maryoli0250@gmail.com",
    "observacao": "|g:202-2023|"
  },
  {
    "nome": "NATALIA BIRKNER ROCHA",
    "email": "birknernatalia@gmail.com",
    "observacao": "|g:202-2023|"
  },
  {
    "nome": "PEDRO HENRIQUE KNAUL BOSENBECKER",
    "email": "knaul.pedro@outlook.com",
    "observacao": "|g:202-2023|"
  },
  {
    "nome": "PEDRO NUNC",
    "email": "pedronuncnfoonrodafonseca@gmail.com",
    "observacao": "|g:202-2023|"
  },
  {
    "nome": "PRISCILA WALZBURGER GREGORIO",
    "email": "pri.w.greg@gmail.com",
    "observacao": "|g:202-2023|"
  },
  {
    "nome": "RAFFAELA ALVES",
    "email": "araffalves@gmail.com",
    "observacao": "|g:202-2023|"
  },
  {
    "nome": "REGINALDO LEANDRO PLÁCIDO FILHO",
    "email": "reginaldofillo@gmail.com",
    "observacao": "|g:202-2023|"
  },
  {
    "nome": "SIRLEY MAYRA AMARAL",
    "email": "sirley008amaral@gmail.com",
    "observacao": "|g:202-2023|"
  },
  {
    "nome": "SOFIA FONTEL GOMES",
    "email": "sofif.gomes@gmail.com",
    "observacao": "|g:202-2023|"
  },
  {
    "nome": "SUELEN DIAS VIEIRA",
    "email": "shuuuuvieira78@gmail.com",
    "observacao": "|g:202-2023|"
  }
]
