[
  {
    "nome": "CELIO LUDWIG SLOMP",
    "email": "slompcelio132@gmail.com",
    "observacao": "|g:poo2-bcc-2023-1|"
  },
  {
    "nome": "DANIEL PEREIRA",
    "email": "danielpereira.ifc@gmail.com",
    "observacao": "|g:poo2-bcc-2023-1|"
  },
  {
    "nome": "EDUARDO BRANDT SILVEIRA DA SILVA",
    "email": "eduardobrandt61@gmail.com",
    "observacao": "|g:poo2-bcc-2023-1|"
  },
  {
    "nome": "EDUARDO ELIAS POLI",
    "email": "dudupoli3@gmail.com",
    "observacao": "|g:poo2-bcc-2023-1|"
  },
  {
    "nome": "FÁBIO ADRIANO CORRÊA DE OLIVEIRA JÚNIOR",
    "email": "fjrcorreoli@gmail.com",
    "observacao": "|g:poo2-bcc-2023-1|"
  },
  {
    "nome": "FELIPE EMANUEL DE MELLO ALVES VIANNA PRASSER",
    "email": "felipemavprasser@gmail.com",
    "observacao": "|g:poo2-bcc-2023-1|"
  },
  {
    "nome": "FERNANDA RIBEIRO MARTINS",
    "email": "fernandamartins.rm@gmail.com",
    "observacao": "|g:poo2-bcc-2023-1|"
  },
  {
    "nome": "GABRIEL SA HENCES",
    "email": "sa3dgabriel@gmail.com",
    "observacao": "|g:poo2-bcc-2023-1|"
  },
  {
    "nome": "GABRIELLI DANKER",
    "email": "gabriellidanker9@gmail.com",
    "observacao": "|g:poo2-bcc-2023-1|"
  },
  {
    "nome": "GUILHERME EDUARDO KUGLIN",
    "email": "guilherme.kuglin2@gmail.com",
    "observacao": "|g:poo2-bcc-2023-1|"
  },
  {
    "nome": "GUSTAVO ADRIEL MITTELMANN",
    "email": "gundelhausmann@gmail.com",
    "observacao": "|g:poo2-bcc-2023-1|"
  },
  {
    "nome": "HENRIQUE BRAATZ VARELA",
    "email": "66794@pm.me",
    "observacao": "|g:poo2-bcc-2023-1|"
  },
  {
    "nome": "HENRIQUE HEIDERSCHEIDT",
    "email": "henrique.heid@gmail.com",
    "observacao": "|g:poo2-bcc-2023-1|"
  },
  {
    "nome": "JOSE MATEUS AMARAL DE MIRANDA",
    "email": "josemateusamaral@gmail.com",
    "observacao": "|g:poo2-bcc-2023-1|"
  },
  {
    "nome": "JÚLIA DE AMARAL MONTIBELER",
    "email": "juliamaralbeler@gmail.com",
    "observacao": "|g:poo2-bcc-2023-1|"
  },
  {
    "nome": "LUANA CAROLINE ALMEIDA WIESE",
    "email": "lubskawaii@gmail.com",
    "observacao": "|g:poo2-bcc-2023-1|"
  },
  {
    "nome": "LUCAS DE AZEVEDO SOUSA DIEGUEZ BARREIRO",
    "email": "wasdby1@gmail.com",
    "observacao": "|g:poo2-bcc-2023-1|"
  },
  {
    "nome": "MARCOS VIANA SENA",
    "email": "marcosap103@gmail.com",
    "observacao": "|g:poo2-bcc-2023-1|"
  },
  {
    "nome": "MATHEUS MARCHI MORO",
    "email": "marchimm2003@gmail.com",
    "observacao": "|g:poo2-bcc-2023-1|"
  },
  {
    "nome": "MONIQUE ELLEN DOS SANTOS",
    "email": "moniqueellen1402@gmail.com",
    "observacao": "|g:poo2-bcc-2023-1|"
  },
  {
    "nome": "NATTAN MENDES TINONIN",
    "email": "nattan078@gmail.com",
    "observacao": "|g:poo2-bcc-2023-1|"
  }
]
