{
  "respondentes": [
    {
      "nome": "DÉBORA DA CRUZ CARL",
      "email": "oi@gmail.com",
      "observacao": "|g:202-2022|"
    },
    {
      "nome": "EDUARDO FORYTA LIMA",
      "email": "oi@gmail.com",
      "observacao": "|g:202-2022|"
    },
    {
      "nome": "FABIO DA CRUZ CARL",
      "email": "oi@gmail.com",
      "observacao": "|g:202-2022|"
    },
    {
      "nome": "FELIPE MENEGAZ",
      "email": "oi@gmail.com",
      "observacao": "|g:202-2022|"
    },
    {
      "nome": "GABRIELA EDUARDA NICOLETTI",
      "email": "oi@gmail.com",
      "observacao": "|g:202-2022|"
    },
    {
      "nome": "GABRIELLE DOS SANTOS",
      "email": "oi@gmail.com",
      "observacao": "|g:202-2022|"
    },
    {
      "nome": "GUILHERME HEINRICH DOS SANTOS",
      "email": "oi@gmail.com",
      "observacao": "|g:202-2022|"
    },
    {
      "nome": "HALINE GARCIA PRADO DE JESUS",
      "email": "oi@gmail.com",
      "observacao": "|g:202-2022|"
    },
    {
      "nome": "HELENA ISADORA TORINELLI",
      "email": "oi@gmail.com",
      "observacao": "|g:202-2022|"
    },
    {
      "nome": "JAMILE KETLIN DO AMARAL",
      "email": "oi@gmail.com",
      "observacao": "|g:202-2022|"
    },
    {
      "nome": "JAQUELINE MARIA KOEHLER",
      "email": "oi@gmail.com",
      "observacao": "|g:202-2022|"
    },
    {
      "nome": "JOÃO VICTOR MARCONDES",
      "email": "oi@gmail.com",
      "observacao": "|g:202-2022|"
    },
    {
      "nome": "JOÃO VITOR GORISCH",
      "email": "oi@gmail.com",
      "observacao": "|g:202-2022|"
    },
    {
      "nome": "KAUÃ SILVA MORAES",
      "email": "oi@gmail.com",
      "observacao": "|g:202-2022|"
    },
    {
      "nome": "KÉLY GIOVANA MÉLO DE JESUS",
      "email": "oi@gmail.com",
      "observacao": "|g:202-2022|"
    },
    {
      "nome": "LETÍCIA BARCELLOS FOSSA",
      "email": "oi@gmail.com",
      "observacao": "|g:202-2022|"
    },
    {
      "nome": "LUCAS DIONISIO HOEPERS",
      "email": "oi@gmail.com",
      "observacao": "|g:202-2022|"
    },
    {
      "nome": "LUÍS FERNANDO DOS SANTOS",
      "email": "oi@gmail.com",
      "observacao": "|g:202-2022|"
    },
    {
      "nome": "MARIA EDUARDA MATIAS DO NASCIMENTO",
      "email": "oi@gmail.com",
      "observacao": "|g:202-2022|"
    },
    {
      "nome": "MARIA LUISA NEUMANN",
      "email": "oi@gmail.com",
      "observacao": "|g:202-2022|"
    },
    {
      "nome": "MARIA VICTORIA LIMA E LIMA",
      "email": "oi@gmail.com",
      "observacao": "|g:202-2022|"
    },
    {
      "nome": "MARIANA GUILANDE PRADO",
      "email": "oi@gmail.com",
      "observacao": "|g:202-2022|"
    },
    {
      "nome": "MATHEUS DOS SANTOS SARDAGNA",
      "email": "oi@gmail.com",
      "observacao": "|g:202-2022|"
    },
    {
      "nome": "MATHEUS JULIANO TEIXEIRA GUAITANELE",
      "email": "oi@gmail.com",
      "observacao": "|g:202-2022|"
    },
    {
      "nome": "MATHEUS RONCATO CESAR",
      "email": "oi@gmail.com",
      "observacao": "|g:202-2022|"
    },
    {
      "nome": "PEDRO RICARDO ERHARDT SILVA",
      "email": "oi@gmail.com",
      "observacao": "|g:202-2022|"
    },
    {
      "nome": "SARA IZABELLY FRUTOS DA COSTA",
      "email": "oi@gmail.com",
      "observacao": "|g:202-2022|"
    },
    {
      "nome": "STEFANY CAROLINI DO AMARAL COSTA",
      "email": "oi@gmail.com",
      "observacao": "|g:202-2022|"
    },
    {
      "nome": "VICTOR PODIATSKY ALVES",
      "email": "oi@gmail.com",
      "observacao": "|g:202-2022|"
    },
    {
      "nome": "VINICIUS MARCOS KLOCK",
      "email": "oi@gmail.com",
      "observacao": "|g:202-2022|"
    },
    {
      "nome": "YURI GABRIEL COVALSKI CANDIDO",
      "email": "oi@gmail.com",
      "observacao": "|g:202-2022|"
    }
  ]
}