{
   
    "respondentes": [
        
            {
              "nome": "AKEMI MAYUMI LOPES SHIBUKAWA",
              "email": "um@gmail.com",
              "observacao": 301
            },
            {
              "nome": "ALAN KRETZ",
              "email": "um@gmail.com",
              "observacao": 301
            },
            {
              "nome": "ALINE SCHOLL SANTOS",
              "email": "um@gmail.com",
              "observacao": 301
            },
            {
              "nome": "ANA BEATRIZ FAUSTINO SOUZA",
              "email": "um@gmail.com",
              "observacao": 301
            },
            {
              "nome": "ANA JÚLIA BENNERTZ",
              "email": "um@gmail.com",
              "observacao": 301
            },
            {
              "nome": "ANDRÉ LUIZ BARCELO",
              "email": "um@gmail.com",
              "observacao": 301
            },
            {
              "nome": "CAIO LUAN ZENKE",
              "email": "um@gmail.com",
              "observacao": 301
            },
            {
              "nome": "CARLOS GREIN DUFFECK SANTOS",
              "email": "um@gmail.com",
              "observacao": 301
            },
            {
              "nome": "CATARINA SCHMITZ LIESENBERG",
              "email": "um@gmail.com",
              "observacao": 301
            },
            {
              "nome": "FERNANDA ELLEN KAMCHEN",
              "email": "um@gmail.com",
              "observacao": 301
            },
            {
              "nome": "GUSTAVO HENRIQUE MOMO",
              "email": "um@gmail.com",
              "observacao": 301
            },
            {
              "nome": "GUSTAVO REITER",
              "email": "um@gmail.com",
              "observacao": 301
            },
            {
              "nome": "JOÃO PEDRO ABREU",
              "email": "um@gmail.com",
              "observacao": 301
            },
            {
              "nome": "JONATHAN EMMANUEL DE OLIVERA AMORIM",
              "email": "um@gmail.com",
              "observacao": 301
            },
            {
              "nome": "LARISSA BOSSE WARMLING",
              "email": "um@gmail.com",
              "observacao": 301
            },
            {
              "nome": "LUCAS ANDREI CANCELIER MARIN",
              "email": "um@gmail.com",
              "observacao": 301
            },
            {
              "nome": "LUCRECIA DE SOUZA",
              "email": "um@gmail.com",
              "observacao": 301
            },
            {
              "nome": "MARIA VITÓRIA DA SILVA",
              "email": "um@gmail.com",
              "observacao": 301
            },
            {
              "nome": "MARTIN DAMBROWSKI STABEL GARROTE",
              "email": "um@gmail.com",
              "observacao": 301
            },
            {
              "nome": "NIKOLAS TRAPP",
              "email": "um@gmail.com",
              "observacao": 301
            },
            {
              "nome": "PAULO RICARDO MACHADO",
              "email": "um@gmail.com",
              "observacao": 301
            },
            {
              "nome": "SOFIA EFFTING",
              "email": "um@gmail.com",
              "observacao": 301
            },
            {
              "nome": "JULIA PAULA TAVARES DA LUZ",
              "email": "um@gmail.com",
              "observacao": 301
            }




          ]
}
