{
   
    "respondentes": [
        
  {
    "nome": "ALANA CRISTINA ANDREAZZA",
    "email": "um@gmail.com",
    "observacao": 302
  },
  {
    "nome": "ALEX VIEIRA DIAS",
    "email": "um@gmail.com",
    "observacao": 302
  },
  {
    "nome": "ALICE LIMA DOS SANTOS",
    "email": "um@gmail.com",
    "observacao": 302
  },
  {
    "nome": "AMADEUS VITOR POLETTI",
    "email": "um@gmail.com",
    "observacao": 302
  },
  {
    "nome": "CAMILY DO NASCIMENTO GHELLAR",
    "email": "um@gmail.com",
    "observacao": 302
  },
  {
    "nome": "CARLA EDUARDA NOBRE",
    "email": "um@gmail.com",
    "observacao": 302
  },
  {
    "nome": "CAUÃ FELIPE DE FRANÇA NASCIMENTO",
    "email": "um@gmail.com",
    "observacao": 302
  },
  {
    "nome": "EDUARDO CAITANO",
    "email": "um@gmail.com",
    "observacao": 302
  },
  {
    "nome": "EMANOELA RODRIGUES ERTHAL",
    "email": "um@gmail.com",
    "observacao": 302
  },
  {
    "nome": "FELIPE JARDIM HOFFMANN",
    "email": "um@gmail.com",
    "observacao": 302
  },
  {
    "nome": "GABRIEL MOLON ZANELLA",
    "email": "um@gmail.com",
    "observacao": 302
  },
  {
    "nome": "GUSTAVO TRAMONTIN PEDRO",
    "email": "um@gmail.com",
    "observacao": 302
  },
  {
    "nome": "IGOR GRAMKOW",
    "email": "um@gmail.com",
    "observacao": 302
  },
  {
    "nome": "JOÃO VITOR ESPIG",
    "email": "um@gmail.com",
    "observacao": 302
  },
  {
    "nome": "JOHANNES WACHHOLZ JOSÉ",
    "email": "um@gmail.com",
    "observacao": 302
  },
  {
    "nome": "JUAN TOMAZ PEREIRA",
    "email": "um@gmail.com",
    "observacao": 302
  },
  {
    "nome": "LARISSA REITER BRANCO",
    "email": "um@gmail.com",
    "observacao": 302
  },
  {
    "nome": "LEMUEL KAUE MANSKE DE LIZ",
    "email": "um@gmail.com",
    "observacao": 302
  },
  {
    "nome": "LIRIEL PISETTA",
    "email": "um@gmail.com",
    "observacao": 302
  },
  {
    "nome": "LUCAS GABRIEL SIEVERT",
    "email": "um@gmail.com",
    "observacao": 302
  },
  {
    "nome": "MARCO ANTONIO GOTTARDI ANESI",
    "email": "um@gmail.com",
    "observacao": 302
  },
  {
    "nome": "MICKAEL REICHERT",
    "email": "um@gmail.com",
    "observacao": 302
  },
  {
    "nome": "PAULO ISMAEL SOUZA FRUTOS",
    "email": "um@gmail.com",
    "observacao": 302
  },
  {
    "nome": "RENAN MIRANDA ZANELLA",
    "email": "um@gmail.com",
    "observacao": 302
  },
  {
    "nome": "SAMUEL JOSÉ CANDIDO",
    "email": "um@gmail.com",
    "observacao": 302
  },
  {
    "nome": "THAYSSA CARMO DE SOUZA SANTOS",
    "email": "um@gmail.com",
    "observacao": 302
  },
  {
    "nome": "VITOR HUGO SCHNEIDER PEREIRA",
    "email": "um@gmail.com",
    "observacao": 302
  },
  {
    "nome": "YARA RAHN",
    "email": "um@gmail.com",
    "observacao": 302
  }
          ]
}
