[{"id":1,"questa_id":8,"questao":{"alternativas":[{"certa":false,"descricao":"add","id":1},{"certa":false,"descricao":"commit","id":2},{"certa":false,"descricao":"push","id":3},{"certa":true,"descricao":"merge","id":4},{"certa":false,"descricao":"pull","id":5}],"assunto":"git","autor":"Hylson","data_cadastro":"16/03/2020","enunciado":"Qual \u00e9 o par\u00e2metro do comando git que permite realizar a fus\u00e3o (ou mesclagem) de arquivos, mediante situa\u00e7\u00e3o de conflitos originados de modifica\u00e7\u00f5es no mesmo arquivo em locais diferentes (reposit\u00f3rios remoto e local)?","id":8,"type":"MultiplaEscolha"},"respondente":{"email":"hvescovi@gmail.com","id":1,"nome":"Hylson Vescovi Netto","observacao":""},"respondente_id":1,"resposta":"1","timestamp":"Wed, 18 Mar 2020 23:04:58 GMT"},{"id":2,"questa_id":3,"questao":{"assunto":"git","autor":"Priscila Lemke, 302 info 2020 | Vanessa de Souza, 302 info 2020","data_cadastro":"14/03/2020","enunciado":"A respeito do github, responda: quais os comandos necess\u00e1rios para trazer o reposit\u00f3rio para o computador?","id":3,"resposta":"git clone https://github.com/login/repositorio.git","type":"Aberta"},"respondente":{"email":"hvescovi@gmail.com","id":1,"nome":"Hylson Vescovi Netto","observacao":""},"respondente_id":1,"resposta":"alguns :-)","timestamp":"Wed, 18 Mar 2020 23:05:26 GMT"},{"id":3,"questa_id":10,"questao":{"alternativas":[{"certa":false,"descricao":"rounded","id":6},{"certa":false,"descricao":"rounded-pill","id":7},{"certa":true,"descricao":"rounded-circle","id":8},{"certa":false,"descricao":"bordered","id":9},{"certa":false,"descricao":"circle","id":10}],"assunto":"git","autor":"Hylson","data_cadastro":"16/03/2020","enunciado":"Qual \u00e9 a classe do bootstrap que permite, por exemplo, formatar uma imagem restringindo sua \u00e1rea de apresenta\u00e7\u00e3o no interior de um c\u00edrculo (isto \u00e9, circundando a imagem com um c\u00edrculo)?","id":10,"type":"MultiplaEscolha"},"respondente":{"email":"hvescovi@gmail.com","id":1,"nome":"Hylson Vescovi Netto","observacao":""},"respondente_id":1,"resposta":"9","timestamp":"Wed, 18 Mar 2020 23:18:00 GMT"},{"id":4,"questa_id":10,"questao":{"alternativas":[{"certa":false,"descricao":"rounded","id":6},{"certa":false,"descricao":"rounded-pill","id":7},{"certa":true,"descricao":"rounded-circle","id":8},{"certa":false,"descricao":"bordered","id":9},{"certa":false,"descricao":"circle","id":10}],"assunto":"git","autor":"Hylson","data_cadastro":"16/03/2020","enunciado":"Qual \u00e9 a classe do bootstrap que permite, por exemplo, formatar uma imagem restringindo sua \u00e1rea de apresenta\u00e7\u00e3o no interior de um c\u00edrculo (isto \u00e9, circundando a imagem com um c\u00edrculo)?","id":10,"type":"MultiplaEscolha"},"respondente":{"email":"an\u00f4nimo","id":2,"nome":"an\u00f4nimo","observacao":""},"respondente_id":2,"resposta":"1","timestamp":"Thu, 19 Mar 2020 13:59:09 GMT"},{"id":5,"questa_id":8,"questao":{"alternativas":[{"certa":false,"descricao":"add","id":1},{"certa":false,"descricao":"commit","id":2},{"certa":false,"descricao":"push","id":3},{"certa":true,"descricao":"merge","id":4},{"certa":false,"descricao":"pull","id":5}],"assunto":"git","autor":"Hylson","data_cadastro":"16/03/2020","enunciado":"Qual \u00e9 o par\u00e2metro do comando git que permite realizar a fus\u00e3o (ou mesclagem) de arquivos, mediante situa\u00e7\u00e3o de conflitos originados de modifica\u00e7\u00f5es no mesmo arquivo em locais diferentes (reposit\u00f3rios remoto e local)?","id":8,"type":"MultiplaEscolha"},"respondente":{"email":"hvescovi@gmail.com","id":1,"nome":"Hylson Vescovi Netto","observacao":""},"respondente_id":1,"resposta":"2","timestamp":"Thu, 19 Mar 2020 21:15:48 GMT"},{"id":6,"questa_id":10,"questao":{"alternativas":[{"certa":false,"descricao":"rounded","id":6},{"certa":false,"descricao":"rounded-pill","id":7},{"certa":true,"descricao":"rounded-circle","id":8},{"certa":false,"descricao":"bordered","id":9},{"certa":false,"descricao":"circle","id":10}],"assunto":"git","autor":"Hylson","data_cadastro":"16/03/2020","enunciado":"Qual \u00e9 a classe do bootstrap que permite, por exemplo, formatar uma imagem restringindo sua \u00e1rea de apresenta\u00e7\u00e3o no interior de um c\u00edrculo (isto \u00e9, circundando a imagem com um c\u00edrculo)?","id":10,"type":"MultiplaEscolha"},"respondente":{"email":"hvescovi@gmail.com","id":1,"nome":"Hylson Vescovi Netto","observacao":""},"respondente_id":1,"resposta":"8","timestamp":"Fri, 20 Mar 2020 22:59:08 GMT"},{"id":7,"questa_id":3,"questao":{"assunto":"git","autor":"Priscila Lemke, 302 info 2020 | Vanessa de Souza, 302 info 2020","data_cadastro":"14/03/2020","enunciado":"A respeito do github, responda: quais os comandos necess\u00e1rios para trazer o reposit\u00f3rio para o computador?","id":3,"resposta":"git clone https://github.com/login/repositorio.git","type":"Aberta"},"respondente":{"email":"an\u00f4nimo","id":2,"nome":"an\u00f4nimo","observacao":""},"respondente_id":2,"resposta":"","timestamp":"Sun, 22 Mar 2020 21:15:28 GMT"},{"id":8,"questa_id":3,"questao":{"assunto":"git","autor":"Priscila Lemke, 302 info 2020 | Vanessa de Souza, 302 info 2020","data_cadastro":"14/03/2020","enunciado":"A respeito do github, responda: quais os comandos necess\u00e1rios para trazer o reposit\u00f3rio para o computador?","id":3,"resposta":"git clone https://github.com/login/repositorio.git","type":"Aberta"},"respondente":{"email":"an\u00f4nimo","id":2,"nome":"an\u00f4nimo","observacao":""},"respondente_id":2,"resposta":"","timestamp":"Sun, 22 Mar 2020 21:15:29 GMT"},{"id":9,"questa_id":2,"questao":{"assunto":"git","autor":"Priscila Lemke, 302 info 2020 | Vanessa de Souza, 302 info 2020","data_cadastro":"14/03/2020","enunciado":"A respeito do github, responda: qual a diferen\u00e7a de git push e git pull?","id":2,"resposta":"git push envia e git pull traz","type":"Aberta"},"respondente":{"email":"an\u00f4nimo","id":2,"nome":"an\u00f4nimo","observacao":""},"respondente_id":2,"resposta":"","timestamp":"Sun, 22 Mar 2020 21:15:32 GMT"},{"id":10,"questa_id":2,"questao":{"assunto":"git","autor":"Priscila Lemke, 302 info 2020 | Vanessa de Souza, 302 info 2020","data_cadastro":"14/03/2020","enunciado":"A respeito do github, responda: qual a diferen\u00e7a de git push e git pull?","id":2,"resposta":"git push envia e git pull traz","type":"Aberta"},"respondente":{"email":"an\u00f4nimo","id":2,"nome":"an\u00f4nimo","observacao":""},"respondente_id":2,"resposta":"","timestamp":"Sun, 22 Mar 2020 21:15:33 GMT"},{"id":11,"questa_id":2,"questao":{"assunto":"git","autor":"Priscila Lemke, 302 info 2020 | Vanessa de Souza, 302 info 2020","data_cadastro":"14/03/2020","enunciado":"A respeito do github, responda: qual a diferen\u00e7a de git push e git pull?","id":2,"resposta":"git push envia e git pull traz","type":"Aberta"},"respondente":{"email":"an\u00f4nimo","id":2,"nome":"an\u00f4nimo","observacao":""},"respondente_id":2,"resposta":"","timestamp":"Sun, 22 Mar 2020 21:15:36 GMT"},{"id":12,"questa_id":4,"questao":{"assunto":"git","autor":"Priscila Lemke, 302 info 2020 | Vanessa de Souza, 302 info 2020","data_cadastro":"14/03/2020","enunciado":"A respeito do github, responda: qual o comando de adicionar arquivos no reposit\u00f3rio?","id":4,"resposta":"git add \"nome do arquivo\" ou git add *","type":"Aberta"},"respondente":{"email":"an\u00f4nimo","id":2,"nome":"an\u00f4nimo","observacao":""},"respondente_id":2,"resposta":"","timestamp":"Sun, 22 Mar 2020 21:15:52 GMT"},{"id":13,"questa_id":5,"questao":{"assunto":"git","autor":"Priscila Lemke, 302 info 2020 | Vanessa de Souza, 302 info 2020","data_cadastro":"14/03/2020","enunciado":"A respeito do github, responda: qual \u00e9 o config exigido pelo github atrav\u00e9s do terminal?","id":5,"resposta":"git config user.email \"email\"","type":"Aberta"},"respondente":{"email":"an\u00f4nimo","id":2,"nome":"an\u00f4nimo","observacao":""},"respondente_id":2,"resposta":"","timestamp":"Sun, 22 Mar 2020 21:16:03 GMT"},{"id":14,"questa_id":7,"questao":{"assunto":"git","autor":"Sabrina Mara, 301 info 2020 | Vinicius Gobetti, 301 info 2020 | Josef Bischof, 301 info 2020","data_cadastro":"15/03/2020","enunciado":"Considere altera\u00e7\u00f5es no reposit\u00f3rio local cujo envio para o servidor remoto (add... commit... push) resultou em conflitos de vers\u00e3o. Ao efetuar o comando \"git remote update\" e depois utilizar o \"git status\" o retorno dele foi \"behind\". Para atualizar o reposit\u00f3rio, quais comandos voc\u00ea deve utilizar para resolver a situa\u00e7\u00e3o? Considere um cen\u00e1rio de resolu\u00e7\u00e3o autom\u00e1tica de conflitos.","id":7,"resposta":"git pull e git merge","type":"Aberta"},"respondente":{"email":"an\u00f4nimo","id":2,"nome":"an\u00f4nimo","observacao":""},"respondente_id":2,"resposta":"","timestamp":"Sun, 22 Mar 2020 21:16:30 GMT"},{"id":15,"questa_id":7,"questao":{"assunto":"git","autor":"Sabrina Mara, 301 info 2020 | Vinicius Gobetti, 301 info 2020 | Josef Bischof, 301 info 2020","data_cadastro":"15/03/2020","enunciado":"Considere altera\u00e7\u00f5es no reposit\u00f3rio local cujo envio para o servidor remoto (add... commit... push) resultou em conflitos de vers\u00e3o. Ao efetuar o comando \"git remote update\" e depois utilizar o \"git status\" o retorno dele foi \"behind\". Para atualizar o reposit\u00f3rio, quais comandos voc\u00ea deve utilizar para resolver a situa\u00e7\u00e3o? Considere um cen\u00e1rio de resolu\u00e7\u00e3o autom\u00e1tica de conflitos.","id":7,"resposta":"git pull e git merge","type":"Aberta"},"respondente":{"email":"an\u00f4nimo","id":2,"nome":"an\u00f4nimo","observacao":""},"respondente_id":2,"resposta":"","timestamp":"Sun, 22 Mar 2020 21:16:31 GMT"},{"id":16,"questa_id":8,"questao":{"alternativas":[{"certa":false,"descricao":"add","id":1},{"certa":false,"descricao":"commit","id":2},{"certa":false,"descricao":"push","id":3},{"certa":true,"descricao":"merge","id":4},{"certa":false,"descricao":"pull","id":5}],"assunto":"git","autor":"Hylson","data_cadastro":"16/03/2020","enunciado":"Qual \u00e9 o par\u00e2metro do comando git que permite realizar a fus\u00e3o (ou mesclagem) de arquivos, mediante situa\u00e7\u00e3o de conflitos originados de modifica\u00e7\u00f5es no mesmo arquivo em locais diferentes (reposit\u00f3rios remoto e local)?","id":8,"type":"MultiplaEscolha"},"respondente":{"email":"an\u00f4nimo","id":2,"nome":"an\u00f4nimo","observacao":""},"respondente_id":2,"resposta":"3","timestamp":"Sun, 22 Mar 2020 21:16:55 GMT"},{"id":17,"questa_id":8,"questao":{"alternativas":[{"certa":false,"descricao":"add","id":1},{"certa":false,"descricao":"commit","id":2},{"certa":false,"descricao":"push","id":3},{"certa":true,"descricao":"merge","id":4},{"certa":false,"descricao":"pull","id":5}],"assunto":"git","autor":"Hylson","data_cadastro":"16/03/2020","enunciado":"Qual \u00e9 o par\u00e2metro do comando git que permite realizar a fus\u00e3o (ou mesclagem) de arquivos, mediante situa\u00e7\u00e3o de conflitos originados de modifica\u00e7\u00f5es no mesmo arquivo em locais diferentes (reposit\u00f3rios remoto e local)?","id":8,"type":"MultiplaEscolha"},"respondente":{"email":"an\u00f4nimo","id":2,"nome":"an\u00f4nimo","observacao":""},"respondente_id":2,"resposta":"4","timestamp":"Sun, 22 Mar 2020 21:16:57 GMT"},{"id":18,"questa_id":8,"questao":{"alternativas":[{"certa":false,"descricao":"add","id":1},{"certa":false,"descricao":"commit","id":2},{"certa":false,"descricao":"push","id":3},{"certa":true,"descricao":"merge","id":4},{"certa":false,"descricao":"pull","id":5}],"assunto":"git","autor":"Hylson","data_cadastro":"16/03/2020","enunciado":"Qual \u00e9 o par\u00e2metro do comando git que permite realizar a fus\u00e3o (ou mesclagem) de arquivos, mediante situa\u00e7\u00e3o de conflitos originados de modifica\u00e7\u00f5es no mesmo arquivo em locais diferentes (reposit\u00f3rios remoto e local)?","id":8,"type":"MultiplaEscolha"},"respondente":{"email":"an\u00f4nimo","id":2,"nome":"an\u00f4nimo","observacao":""},"respondente_id":2,"resposta":"4","timestamp":"Sun, 22 Mar 2020 21:16:58 GMT"},{"id":19,"questa_id":8,"questao":{"alternativas":[{"certa":false,"descricao":"add","id":1},{"certa":false,"descricao":"commit","id":2},{"certa":false,"descricao":"push","id":3},{"certa":true,"descricao":"merge","id":4},{"certa":false,"descricao":"pull","id":5}],"assunto":"git","autor":"Hylson","data_cadastro":"16/03/2020","enunciado":"Qual \u00e9 o par\u00e2metro do comando git que permite realizar a fus\u00e3o (ou mesclagem) de arquivos, mediante situa\u00e7\u00e3o de conflitos originados de modifica\u00e7\u00f5es no mesmo arquivo em locais diferentes (reposit\u00f3rios remoto e local)?","id":8,"type":"MultiplaEscolha"},"respondente":{"email":"an\u00f4nimo","id":2,"nome":"an\u00f4nimo","observacao":""},"respondente_id":2,"resposta":"4","timestamp":"Sun, 22 Mar 2020 21:16:58 GMT"},{"id":20,"questa_id":8,"questao":{"alternativas":[{"certa":false,"descricao":"add","id":1},{"certa":false,"descricao":"commit","id":2},{"certa":false,"descricao":"push","id":3},{"certa":true,"descricao":"merge","id":4},{"certa":false,"descricao":"pull","id":5}],"assunto":"git","autor":"Hylson","data_cadastro":"16/03/2020","enunciado":"Qual \u00e9 o par\u00e2metro do comando git que permite realizar a fus\u00e3o (ou mesclagem) de arquivos, mediante situa\u00e7\u00e3o de conflitos originados de modifica\u00e7\u00f5es no mesmo arquivo em locais diferentes (reposit\u00f3rios remoto e local)?","id":8,"type":"MultiplaEscolha"},"respondente":{"email":"an\u00f4nimo","id":2,"nome":"an\u00f4nimo","observacao":""},"respondente_id":2,"resposta":"4","timestamp":"Sun, 22 Mar 2020 21:16:58 GMT"},{"id":21,"questa_id":9,"questao":{"assunto":"bootstrap","autor":"Hylson","data_cadastro":"16/03/2020","enunciado":"Informe os principais componentes do bootstrap que podem ser utilziados para construir um layout semelhante ao site apresentado a seguir: <img src=img/site1.png alt='site exemplo'>","id":9,"resposta":"classes row e col para grid; rounded-pill para deixar elementos em formato arredondado; h1, h2, h3... para letras grandes; m-3 ou similar para adicionar margem \u00e0s imagens.","type":"Aberta"},"respondente":{"email":"an\u00f4nimo","id":2,"nome":"an\u00f4nimo","observacao":""},"respondente_id":2,"resposta":"","timestamp":"Sun, 22 Mar 2020 21:17:21 GMT"},{"id":22,"questa_id":10,"questao":{"alternativas":[{"certa":false,"descricao":"rounded","id":6},{"certa":false,"descricao":"rounded-pill","id":7},{"certa":true,"descricao":"rounded-circle","id":8},{"certa":false,"descricao":"bordered","id":9},{"certa":false,"descricao":"circle","id":10}],"assunto":"git","autor":"Hylson","data_cadastro":"16/03/2020","enunciado":"Qual \u00e9 a classe do bootstrap que permite, por exemplo, formatar uma imagem restringindo sua \u00e1rea de apresenta\u00e7\u00e3o no interior de um c\u00edrculo (isto \u00e9, circundando a imagem com um c\u00edrculo)?","id":10,"type":"MultiplaEscolha"},"respondente":{"email":"an\u00f4nimo","id":2,"nome":"an\u00f4nimo","observacao":""},"respondente_id":2,"resposta":"7","timestamp":"Sun, 22 Mar 2020 21:17:55 GMT"},{"id":23,"questa_id":10,"questao":{"alternativas":[{"certa":false,"descricao":"rounded","id":6},{"certa":false,"descricao":"rounded-pill","id":7},{"certa":true,"descricao":"rounded-circle","id":8},{"certa":false,"descricao":"bordered","id":9},{"certa":false,"descricao":"circle","id":10}],"assunto":"git","autor":"Hylson","data_cadastro":"16/03/2020","enunciado":"Qual \u00e9 a classe do bootstrap que permite, por exemplo, formatar uma imagem restringindo sua \u00e1rea de apresenta\u00e7\u00e3o no interior de um c\u00edrculo (isto \u00e9, circundando a imagem com um c\u00edrculo)?","id":10,"type":"MultiplaEscolha"},"respondente":{"email":"an\u00f4nimo","id":2,"nome":"an\u00f4nimo","observacao":""},"respondente_id":2,"resposta":"8","timestamp":"Sun, 22 Mar 2020 21:17:58 GMT"},{"id":24,"questa_id":11,"questao":{"assunto":"bootstrap","autor":"Hylson","data_cadastro":"16/03/2020","enunciado":"H\u00e1 uma classe do bootstrap chamada ___ que permite deixar as linhas de uma tabela do HTML com cores alternadas. Outra classe \u00fatil se chama ___ e faz com que a tabela apare\u00e7a com fundo preto.","id":11,"lacunas":"table-striped | table-dark","type":"Completar"},"respondente":{"email":"an\u00f4nimo","id":2,"nome":"an\u00f4nimo","observacao":""},"respondente_id":2,"resposta":"|","timestamp":"Sun, 22 Mar 2020 21:18:05 GMT"},{"id":25,"questa_id":2,"questao":{"assunto":"git","autor":"Priscila Lemke, 302 info 2020 | Vanessa de Souza, 302 info 2020","data_cadastro":"14/03/2020","enunciado":"A respeito do github, responda: qual a diferen\u00e7a de git push e git pull?","id":2,"resposta":"git push envia e git pull traz","type":"Aberta"},"respondente":{"email":"vitoruenootto@gmail.com","id":3,"nome":"vitor augusto","observacao":""},"respondente_id":3,"resposta":"","timestamp":"Sun, 22 Mar 2020 22:01:27 GMT"},{"id":26,"questa_id":2,"questao":{"assunto":"git","autor":"Priscila Lemke, 302 info 2020 | Vanessa de Souza, 302 info 2020","data_cadastro":"14/03/2020","enunciado":"A respeito do github, responda: qual a diferen\u00e7a de git push e git pull?","id":2,"resposta":"git push envia e git pull traz","type":"Aberta"},"respondente":{"email":"vitoruenootto@gmail.com","id":3,"nome":"vitor augusto","observacao":""},"respondente_id":3,"resposta":"push empurra conteudo pull baixa  ","timestamp":"Sun, 22 Mar 2020 22:08:13 GMT"},{"id":27,"questa_id":3,"questao":{"assunto":"git","autor":"Priscila Lemke, 302 info 2020 | Vanessa de Souza, 302 info 2020","data_cadastro":"14/03/2020","enunciado":"A respeito do github, responda: quais os comandos necess\u00e1rios para trazer o reposit\u00f3rio para o computador?","id":3,"resposta":"git clone https://github.com/login/repositorio.git","type":"Aberta"},"respondente":{"email":"vitoruenootto@gmail.com","id":3,"nome":"vitor augusto","observacao":""},"respondente_id":3,"resposta":"git clone nome do reposit\u00f3rio","timestamp":"Sun, 22 Mar 2020 22:08:30 GMT"},{"id":28,"questa_id":4,"questao":{"assunto":"git","autor":"Priscila Lemke, 302 info 2020 | Vanessa de Souza, 302 info 2020","data_cadastro":"14/03/2020","enunciado":"A respeito do github, responda: qual o comando de adicionar arquivos no reposit\u00f3rio?","id":4,"resposta":"git add \"nome do arquivo\" ou git add *","type":"Aberta"},"respondente":{"email":"vitoruenootto@gmail.com","id":3,"nome":"vitor augusto","observacao":""},"respondente_id":3,"resposta":"git add nome do arquivo","timestamp":"Sun, 22 Mar 2020 22:08:59 GMT"},{"id":29,"questa_id":5,"questao":{"assunto":"git","autor":"Priscila Lemke, 302 info 2020 | Vanessa de Souza, 302 info 2020","data_cadastro":"14/03/2020","enunciado":"A respeito do github, responda: qual \u00e9 o config exigido pelo github atrav\u00e9s do terminal?","id":5,"resposta":"git config user.email \"email\"","type":"Aberta"},"respondente":{"email":"vitoruenootto@gmail.com","id":3,"nome":"vitor augusto","observacao":""},"respondente_id":3,"resposta":"git config user.email 'email' git config user.name 'nome'","timestamp":"Sun, 22 Mar 2020 22:09:51 GMT"},{"id":30,"questa_id":7,"questao":{"assunto":"git","autor":"Sabrina Mara, 301 info 2020 | Vinicius Gobetti, 301 info 2020 | Josef Bischof, 301 info 2020","data_cadastro":"15/03/2020","enunciado":"Considere altera\u00e7\u00f5es no reposit\u00f3rio local cujo envio para o servidor remoto (add... commit... push) resultou em conflitos de vers\u00e3o. Ao efetuar o comando \"git remote update\" e depois utilizar o \"git status\" o retorno dele foi \"behind\". Para atualizar o reposit\u00f3rio, quais comandos voc\u00ea deve utilizar para resolver a situa\u00e7\u00e3o? Considere um cen\u00e1rio de resolu\u00e7\u00e3o autom\u00e1tica de conflitos.","id":7,"resposta":"git pull e git merge","type":"Aberta"},"respondente":{"email":"vitoruenootto@gmail.com","id":3,"nome":"vitor augusto","observacao":""},"respondente_id":3,"resposta":"git merge git push","timestamp":"Sun, 22 Mar 2020 22:10:29 GMT"},{"id":31,"questa_id":7,"questao":{"assunto":"git","autor":"Sabrina Mara, 301 info 2020 | Vinicius Gobetti, 301 info 2020 | Josef Bischof, 301 info 2020","data_cadastro":"15/03/2020","enunciado":"Considere altera\u00e7\u00f5es no reposit\u00f3rio local cujo envio para o servidor remoto (add... commit... push) resultou em conflitos de vers\u00e3o. Ao efetuar o comando \"git remote update\" e depois utilizar o \"git status\" o retorno dele foi \"behind\". Para atualizar o reposit\u00f3rio, quais comandos voc\u00ea deve utilizar para resolver a situa\u00e7\u00e3o? Considere um cen\u00e1rio de resolu\u00e7\u00e3o autom\u00e1tica de conflitos.","id":7,"resposta":"git pull e git merge","type":"Aberta"},"respondente":{"email":"vitoruenootto@gmail.com","id":3,"nome":"vitor augusto","observacao":""},"respondente_id":3,"resposta":"git merge git pull","timestamp":"Sun, 22 Mar 2020 22:10:34 GMT"},{"id":32,"questa_id":8,"questao":{"alternativas":[{"certa":false,"descricao":"add","id":1},{"certa":false,"descricao":"commit","id":2},{"certa":false,"descricao":"push","id":3},{"certa":true,"descricao":"merge","id":4},{"certa":false,"descricao":"pull","id":5}],"assunto":"git","autor":"Hylson","data_cadastro":"16/03/2020","enunciado":"Qual \u00e9 o par\u00e2metro do comando git que permite realizar a fus\u00e3o (ou mesclagem) de arquivos, mediante situa\u00e7\u00e3o de conflitos originados de modifica\u00e7\u00f5es no mesmo arquivo em locais diferentes (reposit\u00f3rios remoto e local)?","id":8,"type":"MultiplaEscolha"},"respondente":{"email":"vitoruenootto@gmail.com","id":3,"nome":"vitor augusto","observacao":""},"respondente_id":3,"resposta":"4","timestamp":"Sun, 22 Mar 2020 22:12:06 GMT"},{"id":33,"questa_id":9,"questao":{"assunto":"bootstrap","autor":"Hylson","data_cadastro":"16/03/2020","enunciado":"Informe os principais componentes do bootstrap que podem ser utilziados para construir um layout semelhante ao site apresentado a seguir: <img src=img/site1.png alt='site exemplo'>","id":9,"resposta":"classes row e col para grid; rounded-pill para deixar elementos em formato arredondado; h1, h2, h3... para letras grandes; m-3 ou similar para adicionar margem \u00e0s imagens.","type":"Aberta"},"respondente":{"email":"vitoruenootto@gmail.com","id":3,"nome":"vitor augusto","observacao":""},"respondente_id":3,"resposta":"","timestamp":"Sun, 22 Mar 2020 22:12:41 GMT"},{"id":34,"questa_id":10,"questao":{"alternativas":[{"certa":false,"descricao":"rounded","id":6},{"certa":false,"descricao":"rounded-pill","id":7},{"certa":true,"descricao":"rounded-circle","id":8},{"certa":false,"descricao":"bordered","id":9},{"certa":false,"descricao":"circle","id":10}],"assunto":"git","autor":"Hylson","data_cadastro":"16/03/2020","enunciado":"Qual \u00e9 a classe do bootstrap que permite, por exemplo, formatar uma imagem restringindo sua \u00e1rea de apresenta\u00e7\u00e3o no interior de um c\u00edrculo (isto \u00e9, circundando a imagem com um c\u00edrculo)?","id":10,"type":"MultiplaEscolha"},"respondente":{"email":"vitoruenootto@gmail.com","id":3,"nome":"vitor augusto","observacao":""},"respondente_id":3,"resposta":"8","timestamp":"Sun, 22 Mar 2020 22:13:44 GMT"},{"id":35,"questa_id":11,"questao":{"assunto":"bootstrap","autor":"Hylson","data_cadastro":"16/03/2020","enunciado":"H\u00e1 uma classe do bootstrap chamada ___ que permite deixar as linhas de uma tabela do HTML com cores alternadas. Outra classe \u00fatil se chama ___ e faz com que a tabela apare\u00e7a com fundo preto.","id":11,"lacunas":"table-striped | table-dark","type":"Completar"},"respondente":{"email":"vitoruenootto@gmail.com","id":3,"nome":"vitor augusto","observacao":""},"respondente_id":3,"resposta":"|","timestamp":"Sun, 22 Mar 2020 22:13:56 GMT"},{"id":36,"questa_id":2,"questao":{"assunto":"git","autor":"Priscila Lemke, 302 info 2020 | Vanessa de Souza, 302 info 2020","data_cadastro":"14/03/2020","enunciado":"A respeito do github, responda: qual a diferen\u00e7a de git push e git pull?","id":2,"resposta":"git push envia e git pull traz","type":"Aberta"},"respondente":{"email":"an\u00f4nimo","id":2,"nome":"an\u00f4nimo","observacao":""},"respondente_id":2,"resposta":"","timestamp":"Mon, 23 Mar 2020 00:54:03 GMT"},{"id":37,"questa_id":2,"questao":{"assunto":"git","autor":"Priscila Lemke, 302 info 2020 | Vanessa de Souza, 302 info 2020","data_cadastro":"14/03/2020","enunciado":"A respeito do github, responda: qual a diferen\u00e7a de git push e git pull?","id":2,"resposta":"git push envia e git pull traz","type":"Aberta"},"respondente":{"email":"an\u00f4nimo","id":2,"nome":"an\u00f4nimo","observacao":""},"respondente_id":2,"resposta":"","timestamp":"Mon, 23 Mar 2020 00:54:09 GMT"},{"id":38,"questa_id":2,"questao":{"assunto":"git","autor":"Priscila Lemke, 302 info 2020 | Vanessa de Souza, 302 info 2020","data_cadastro":"14/03/2020","enunciado":"A respeito do github, responda: qual a diferen\u00e7a de git push e git pull?","id":2,"resposta":"git push envia e git pull traz","type":"Aberta"},"respondente":{"email":"an\u00f4nimo","id":2,"nome":"an\u00f4nimo","observacao":""},"respondente_id":2,"resposta":"","timestamp":"Mon, 23 Mar 2020 12:23:16 GMT"},{"id":39,"questa_id":3,"questao":{"assunto":"git","autor":"Priscila Lemke, 302 info 2020 | Vanessa de Souza, 302 info 2020","data_cadastro":"14/03/2020","enunciado":"A respeito do github, responda: quais os comandos necess\u00e1rios para trazer o reposit\u00f3rio para o computador?","id":3,"resposta":"git clone https://github.com/login/repositorio.git","type":"Aberta"},"respondente":{"email":"an\u00f4nimo","id":2,"nome":"an\u00f4nimo","observacao":""},"respondente_id":2,"resposta":"","timestamp":"Mon, 23 Mar 2020 12:23:57 GMT"},{"id":40,"questa_id":4,"questao":{"assunto":"git","autor":"Priscila Lemke, 302 info 2020 | Vanessa de Souza, 302 info 2020","data_cadastro":"14/03/2020","enunciado":"A respeito do github, responda: qual o comando de adicionar arquivos no reposit\u00f3rio?","id":4,"resposta":"git add \"nome do arquivo\" ou git add *","type":"Aberta"},"respondente":{"email":"an\u00f4nimo","id":2,"nome":"an\u00f4nimo","observacao":""},"respondente_id":2,"resposta":"","timestamp":"Mon, 23 Mar 2020 12:25:33 GMT"},{"id":41,"questa_id":5,"questao":{"assunto":"git","autor":"Priscila Lemke, 302 info 2020 | Vanessa de Souza, 302 info 2020","data_cadastro":"14/03/2020","enunciado":"A respeito do github, responda: qual \u00e9 o config exigido pelo github atrav\u00e9s do terminal?","id":5,"resposta":"git config user.email \"email\"","type":"Aberta"},"respondente":{"email":"an\u00f4nimo","id":2,"nome":"an\u00f4nimo","observacao":""},"respondente_id":2,"resposta":"","timestamp":"Mon, 23 Mar 2020 12:25:49 GMT"},{"id":42,"questa_id":7,"questao":{"assunto":"git","autor":"Sabrina Mara, 301 info 2020 | Vinicius Gobetti, 301 info 2020 | Josef Bischof, 301 info 2020","data_cadastro":"15/03/2020","enunciado":"Considere altera\u00e7\u00f5es no reposit\u00f3rio local cujo envio para o servidor remoto (add... commit... push) resultou em conflitos de vers\u00e3o. Ao efetuar o comando \"git remote update\" e depois utilizar o \"git status\" o retorno dele foi \"behind\". Para atualizar o reposit\u00f3rio, quais comandos voc\u00ea deve utilizar para resolver a situa\u00e7\u00e3o? Considere um cen\u00e1rio de resolu\u00e7\u00e3o autom\u00e1tica de conflitos.","id":7,"resposta":"git pull e git merge","type":"Aberta"},"respondente":{"email":"an\u00f4nimo","id":2,"nome":"an\u00f4nimo","observacao":""},"respondente_id":2,"resposta":"","timestamp":"Mon, 23 Mar 2020 12:27:31 GMT"},{"id":43,"questa_id":8,"questao":{"alternativas":[{"certa":false,"descricao":"add","id":1},{"certa":false,"descricao":"commit","id":2},{"certa":false,"descricao":"push","id":3},{"certa":true,"descricao":"merge","id":4},{"certa":false,"descricao":"pull","id":5}],"assunto":"git","autor":"Hylson","data_cadastro":"16/03/2020","enunciado":"Qual \u00e9 o par\u00e2metro do comando git que permite realizar a fus\u00e3o (ou mesclagem) de arquivos, mediante situa\u00e7\u00e3o de conflitos originados de modifica\u00e7\u00f5es no mesmo arquivo em locais diferentes (reposit\u00f3rios remoto e local)?","id":8,"type":"MultiplaEscolha"},"respondente":{"email":"an\u00f4nimo","id":2,"nome":"an\u00f4nimo","observacao":""},"respondente_id":2,"resposta":"4","timestamp":"Mon, 23 Mar 2020 12:28:20 GMT"},{"id":44,"questa_id":9,"questao":{"assunto":"bootstrap","autor":"Hylson","data_cadastro":"16/03/2020","enunciado":"Informe os principais componentes do bootstrap que podem ser utilziados para construir um layout semelhante ao site apresentado a seguir: <img src=img/site1.png alt='site exemplo'>","id":9,"resposta":"classes row e col para grid; rounded-pill para deixar elementos em formato arredondado; h1, h2, h3... para letras grandes; m-3 ou similar para adicionar margem \u00e0s imagens.","type":"Aberta"},"respondente":{"email":"an\u00f4nimo","id":2,"nome":"an\u00f4nimo","observacao":""},"respondente_id":2,"resposta":"","timestamp":"Mon, 23 Mar 2020 12:28:36 GMT"},{"id":45,"questa_id":11,"questao":{"assunto":"bootstrap","autor":"Hylson","data_cadastro":"16/03/2020","enunciado":"H\u00e1 uma classe do bootstrap chamada ___ que permite deixar as linhas de uma tabela do HTML com cores alternadas. Outra classe \u00fatil se chama ___ e faz com que a tabela apare\u00e7a com fundo preto.","id":11,"lacunas":"table-striped | table-dark","type":"Completar"},"respondente":{"email":"an\u00f4nimo","id":2,"nome":"an\u00f4nimo","observacao":""},"respondente_id":2,"resposta":"|","timestamp":"Mon, 23 Mar 2020 12:31:56 GMT"},{"id":46,"questa_id":2,"questao":{"assunto":"git","autor":"Priscila Lemke, 302 info 2020 | Vanessa de Souza, 302 info 2020","data_cadastro":"14/03/2020","enunciado":"A respeito do github, responda: qual a diferen\u00e7a de git push e git pull?","id":2,"resposta":"git push envia e git pull traz","type":"Aberta"},"respondente":{"email":"gabriel.gahio10@gmail.com","id":4,"nome":"Gabriel Gahio","observacao":""},"respondente_id":4,"resposta":"Git push: Enviar, Git pull: Trazer","timestamp":"Mon, 23 Mar 2020 12:32:11 GMT"},{"id":47,"questa_id":3,"questao":{"assunto":"git","autor":"Priscila Lemke, 302 info 2020 | Vanessa de Souza, 302 info 2020","data_cadastro":"14/03/2020","enunciado":"A respeito do github, responda: quais os comandos necess\u00e1rios para trazer o reposit\u00f3rio para o computador?","id":3,"resposta":"git clone https://github.com/login/repositorio.git","type":"Aberta"},"respondente":{"email":"gabriel.gahio10@gmail.com","id":4,"nome":"Gabriel Gahio","observacao":""},"respondente_id":4,"resposta":"git clone https://github.com/seu_login/exemplo.git","timestamp":"Mon, 23 Mar 2020 12:32:13 GMT"},{"id":48,"questa_id":4,"questao":{"assunto":"git","autor":"Priscila Lemke, 302 info 2020 | Vanessa de Souza, 302 info 2020","data_cadastro":"14/03/2020","enunciado":"A respeito do github, responda: qual o comando de adicionar arquivos no reposit\u00f3rio?","id":4,"resposta":"git add \"nome do arquivo\" ou git add *","type":"Aberta"},"respondente":{"email":"gabriel.gahio10@gmail.com","id":4,"nome":"Gabriel Gahio","observacao":""},"respondente_id":4,"resposta":"Git add*","timestamp":"Mon, 23 Mar 2020 12:32:13 GMT"},{"id":49,"questa_id":5,"questao":{"assunto":"git","autor":"Priscila Lemke, 302 info 2020 | Vanessa de Souza, 302 info 2020","data_cadastro":"14/03/2020","enunciado":"A respeito do github, responda: qual \u00e9 o config exigido pelo github atrav\u00e9s do terminal?","id":5,"resposta":"git config user.email \"email\"","type":"Aberta"},"respondente":{"email":"gabriel.gahio10@gmail.com","id":4,"nome":"Gabriel Gahio","observacao":""},"respondente_id":4,"resposta":"git config user email \"seu_login_email\"","timestamp":"Mon, 23 Mar 2020 12:32:15 GMT"},{"id":50,"questa_id":7,"questao":{"assunto":"git","autor":"Sabrina Mara, 301 info 2020 | Vinicius Gobetti, 301 info 2020 | Josef Bischof, 301 info 2020","data_cadastro":"15/03/2020","enunciado":"Considere altera\u00e7\u00f5es no reposit\u00f3rio local cujo envio para o servidor remoto (add... commit... push) resultou em conflitos de vers\u00e3o. Ao efetuar o comando \"git remote update\" e depois utilizar o \"git status\" o retorno dele foi \"behind\". Para atualizar o reposit\u00f3rio, quais comandos voc\u00ea deve utilizar para resolver a situa\u00e7\u00e3o? Considere um cen\u00e1rio de resolu\u00e7\u00e3o autom\u00e1tica de conflitos.","id":7,"resposta":"git pull e git merge","type":"Aberta"},"respondente":{"email":"gabriel.gahio10@gmail.com","id":4,"nome":"Gabriel Gahio","observacao":""},"respondente_id":4,"resposta":"Git merge e git pull","timestamp":"Mon, 23 Mar 2020 12:32:16 GMT"},{"id":51,"questa_id":8,"questao":{"alternativas":[{"certa":false,"descricao":"add","id":1},{"certa":false,"descricao":"commit","id":2},{"certa":false,"descricao":"push","id":3},{"certa":true,"descricao":"merge","id":4},{"certa":false,"descricao":"pull","id":5}],"assunto":"git","autor":"Hylson","data_cadastro":"16/03/2020","enunciado":"Qual \u00e9 o par\u00e2metro do comando git que permite realizar a fus\u00e3o (ou mesclagem) de arquivos, mediante situa\u00e7\u00e3o de conflitos originados de modifica\u00e7\u00f5es no mesmo arquivo em locais diferentes (reposit\u00f3rios remoto e local)?","id":8,"type":"MultiplaEscolha"},"respondente":{"email":"gabriel.gahio10@gmail.com","id":4,"nome":"Gabriel Gahio","observacao":""},"respondente_id":4,"resposta":"4","timestamp":"Mon, 23 Mar 2020 12:32:17 GMT"},{"id":52,"questa_id":9,"questao":{"assunto":"bootstrap","autor":"Hylson","data_cadastro":"16/03/2020","enunciado":"Informe os principais componentes do bootstrap que podem ser utilziados para construir um layout semelhante ao site apresentado a seguir: <img src=img/site1.png alt='site exemplo'>","id":9,"resposta":"classes row e col para grid; rounded-pill para deixar elementos em formato arredondado; h1, h2, h3... para letras grandes; m-3 ou similar para adicionar margem \u00e0s imagens.","type":"Aberta"},"respondente":{"email":"gabriel.gahio10@gmail.com","id":4,"nome":"Gabriel Gahio","observacao":""},"respondente_id":4,"resposta":"","timestamp":"Mon, 23 Mar 2020 12:32:19 GMT"},{"id":53,"questa_id":10,"questao":{"alternativas":[{"certa":false,"descricao":"rounded","id":6},{"certa":false,"descricao":"rounded-pill","id":7},{"certa":true,"descricao":"rounded-circle","id":8},{"certa":false,"descricao":"bordered","id":9},{"certa":false,"descricao":"circle","id":10}],"assunto":"git","autor":"Hylson","data_cadastro":"16/03/2020","enunciado":"Qual \u00e9 a classe do bootstrap que permite, por exemplo, formatar uma imagem restringindo sua \u00e1rea de apresenta\u00e7\u00e3o no interior de um c\u00edrculo (isto \u00e9, circundando a imagem com um c\u00edrculo)?","id":10,"type":"MultiplaEscolha"},"respondente":{"email":"gabriel.gahio10@gmail.com","id":4,"nome":"Gabriel Gahio","observacao":""},"respondente_id":4,"resposta":"8","timestamp":"Mon, 23 Mar 2020 12:32:20 GMT"},{"id":54,"questa_id":11,"questao":{"assunto":"bootstrap","autor":"Hylson","data_cadastro":"16/03/2020","enunciado":"H\u00e1 uma classe do bootstrap chamada ___ que permite deixar as linhas de uma tabela do HTML com cores alternadas. Outra classe \u00fatil se chama ___ e faz com que a tabela apare\u00e7a com fundo preto.","id":11,"lacunas":"table-striped | table-dark","type":"Completar"},"respondente":{"email":"gabriel.gahio10@gmail.com","id":4,"nome":"Gabriel Gahio","observacao":""},"respondente_id":4,"resposta":"Table-striped|Table-dark","timestamp":"Mon, 23 Mar 2020 12:32:29 GMT"},{"id":55,"questa_id":2,"questao":{"assunto":"git","autor":"Priscila Lemke, 302 info 2020 | Vanessa de Souza, 302 info 2020","data_cadastro":"14/03/2020","enunciado":"A respeito do github, responda: qual a diferen\u00e7a de git push e git pull?","id":2,"resposta":"git push envia e git pull traz","type":"Aberta"},"respondente":{"email":"an\u00f4nimo","id":2,"nome":"an\u00f4nimo","observacao":""},"respondente_id":2,"resposta":"","timestamp":"Mon, 23 Mar 2020 12:33:50 GMT"},{"id":56,"questa_id":3,"questao":{"assunto":"git","autor":"Priscila Lemke, 302 info 2020 | Vanessa de Souza, 302 info 2020","data_cadastro":"14/03/2020","enunciado":"A respeito do github, responda: quais os comandos necess\u00e1rios para trazer o reposit\u00f3rio para o computador?","id":3,"resposta":"git clone https://github.com/login/repositorio.git","type":"Aberta"},"respondente":{"email":"an\u00f4nimo","id":2,"nome":"an\u00f4nimo","observacao":""},"respondente_id":2,"resposta":"","timestamp":"Mon, 23 Mar 2020 12:36:38 GMT"},{"id":57,"questa_id":4,"questao":{"assunto":"git","autor":"Priscila Lemke, 302 info 2020 | Vanessa de Souza, 302 info 2020","data_cadastro":"14/03/2020","enunciado":"A respeito do github, responda: qual o comando de adicionar arquivos no reposit\u00f3rio?","id":4,"resposta":"git add \"nome do arquivo\" ou git add *","type":"Aberta"},"respondente":{"email":"an\u00f4nimo","id":2,"nome":"an\u00f4nimo","observacao":""},"respondente_id":2,"resposta":"","timestamp":"Mon, 23 Mar 2020 12:38:13 GMT"},{"id":58,"questa_id":5,"questao":{"assunto":"git","autor":"Priscila Lemke, 302 info 2020 | Vanessa de Souza, 302 info 2020","data_cadastro":"14/03/2020","enunciado":"A respeito do github, responda: qual \u00e9 o config exigido pelo github atrav\u00e9s do terminal?","id":5,"resposta":"git config user.email \"email\"","type":"Aberta"},"respondente":{"email":"an\u00f4nimo","id":2,"nome":"an\u00f4nimo","observacao":""},"respondente_id":2,"resposta":"","timestamp":"Mon, 23 Mar 2020 12:39:45 GMT"},{"id":59,"questa_id":7,"questao":{"assunto":"git","autor":"Sabrina Mara, 301 info 2020 | Vinicius Gobetti, 301 info 2020 | Josef Bischof, 301 info 2020","data_cadastro":"15/03/2020","enunciado":"Considere altera\u00e7\u00f5es no reposit\u00f3rio local cujo envio para o servidor remoto (add... commit... push) resultou em conflitos de vers\u00e3o. Ao efetuar o comando \"git remote update\" e depois utilizar o \"git status\" o retorno dele foi \"behind\". Para atualizar o reposit\u00f3rio, quais comandos voc\u00ea deve utilizar para resolver a situa\u00e7\u00e3o? Considere um cen\u00e1rio de resolu\u00e7\u00e3o autom\u00e1tica de conflitos.","id":7,"resposta":"git pull e git merge","type":"Aberta"},"respondente":{"email":"an\u00f4nimo","id":2,"nome":"an\u00f4nimo","observacao":""},"respondente_id":2,"resposta":"","timestamp":"Mon, 23 Mar 2020 12:40:27 GMT"},{"id":60,"questa_id":8,"questao":{"alternativas":[{"certa":false,"descricao":"add","id":1},{"certa":false,"descricao":"commit","id":2},{"certa":false,"descricao":"push","id":3},{"certa":true,"descricao":"merge","id":4},{"certa":false,"descricao":"pull","id":5}],"assunto":"git","autor":"Hylson","data_cadastro":"16/03/2020","enunciado":"Qual \u00e9 o par\u00e2metro do comando git que permite realizar a fus\u00e3o (ou mesclagem) de arquivos, mediante situa\u00e7\u00e3o de conflitos originados de modifica\u00e7\u00f5es no mesmo arquivo em locais diferentes (reposit\u00f3rios remoto e local)?","id":8,"type":"MultiplaEscolha"},"respondente":{"email":"an\u00f4nimo","id":2,"nome":"an\u00f4nimo","observacao":""},"respondente_id":2,"resposta":"4","timestamp":"Mon, 23 Mar 2020 12:46:48 GMT"},{"id":61,"questa_id":9,"questao":{"assunto":"bootstrap","autor":"Hylson","data_cadastro":"16/03/2020","enunciado":"Informe os principais componentes do bootstrap que podem ser utilziados para construir um layout semelhante ao site apresentado a seguir: <img src=img/site1.png alt='site exemplo'>","id":9,"resposta":"classes row e col para grid; rounded-pill para deixar elementos em formato arredondado; h1, h2, h3... para letras grandes; m-3 ou similar para adicionar margem \u00e0s imagens.","type":"Aberta"},"respondente":{"email":"an\u00f4nimo","id":2,"nome":"an\u00f4nimo","observacao":""},"respondente_id":2,"resposta":"","timestamp":"Mon, 23 Mar 2020 12:48:20 GMT"},{"id":62,"questa_id":10,"questao":{"alternativas":[{"certa":false,"descricao":"rounded","id":6},{"certa":false,"descricao":"rounded-pill","id":7},{"certa":true,"descricao":"rounded-circle","id":8},{"certa":false,"descricao":"bordered","id":9},{"certa":false,"descricao":"circle","id":10}],"assunto":"git","autor":"Hylson","data_cadastro":"16/03/2020","enunciado":"Qual \u00e9 a classe do bootstrap que permite, por exemplo, formatar uma imagem restringindo sua \u00e1rea de apresenta\u00e7\u00e3o no interior de um c\u00edrculo (isto \u00e9, circundando a imagem com um c\u00edrculo)?","id":10,"type":"MultiplaEscolha"},"respondente":{"email":"an\u00f4nimo","id":2,"nome":"an\u00f4nimo","observacao":""},"respondente_id":2,"resposta":"8","timestamp":"Mon, 23 Mar 2020 12:54:51 GMT"},{"id":63,"questa_id":11,"questao":{"assunto":"bootstrap","autor":"Hylson","data_cadastro":"16/03/2020","enunciado":"H\u00e1 uma classe do bootstrap chamada ___ que permite deixar as linhas de uma tabela do HTML com cores alternadas. Outra classe \u00fatil se chama ___ e faz com que a tabela apare\u00e7a com fundo preto.","id":11,"lacunas":"table-striped | table-dark","type":"Completar"},"respondente":{"email":"an\u00f4nimo","id":2,"nome":"an\u00f4nimo","observacao":""},"respondente_id":2,"resposta":"|","timestamp":"Mon, 23 Mar 2020 12:55:39 GMT"},{"id":64,"questa_id":2,"questao":{"assunto":"git","autor":"Priscila Lemke, 302 info 2020 | Vanessa de Souza, 302 info 2020","data_cadastro":"14/03/2020","enunciado":"A respeito do github, responda: qual a diferen\u00e7a de git push e git pull?","id":2,"resposta":"git push envia e git pull traz","type":"Aberta"},"respondente":{"email":"an\u00f4nimo","id":2,"nome":"an\u00f4nimo","observacao":""},"respondente_id":2,"resposta":"push salva as altera\u00e7\u00f5es e pull atualiza o diret\u00f3rio","timestamp":"Mon, 23 Mar 2020 15:03:36 GMT"},{"id":65,"questa_id":3,"questao":{"assunto":"git","autor":"Priscila Lemke, 302 info 2020 | Vanessa de Souza, 302 info 2020","data_cadastro":"14/03/2020","enunciado":"A respeito do github, responda: quais os comandos necess\u00e1rios para trazer o reposit\u00f3rio para o computador?","id":3,"resposta":"git clone https://github.com/login/repositorio.git","type":"Aberta"},"respondente":{"email":"an\u00f4nimo","id":2,"nome":"an\u00f4nimo","observacao":""},"respondente_id":2,"resposta":"clone","timestamp":"Mon, 23 Mar 2020 15:04:12 GMT"},{"id":66,"questa_id":4,"questao":{"assunto":"git","autor":"Priscila Lemke, 302 info 2020 | Vanessa de Souza, 302 info 2020","data_cadastro":"14/03/2020","enunciado":"A respeito do github, responda: qual o comando de adicionar arquivos no reposit\u00f3rio?","id":4,"resposta":"git add \"nome do arquivo\" ou git add *","type":"Aberta"},"respondente":{"email":"an\u00f4nimo","id":2,"nome":"an\u00f4nimo","observacao":""},"respondente_id":2,"resposta":"","timestamp":"Mon, 23 Mar 2020 15:04:36 GMT"},{"id":67,"questa_id":8,"questao":{"alternativas":[{"certa":false,"descricao":"add","id":1},{"certa":false,"descricao":"commit","id":2},{"certa":false,"descricao":"push","id":3},{"certa":true,"descricao":"merge","id":4},{"certa":false,"descricao":"pull","id":5}],"assunto":"git","autor":"Hylson","data_cadastro":"16/03/2020","enunciado":"Qual \u00e9 o par\u00e2metro do comando git que permite realizar a fus\u00e3o (ou mesclagem) de arquivos, mediante situa\u00e7\u00e3o de conflitos originados de modifica\u00e7\u00f5es no mesmo arquivo em locais diferentes (reposit\u00f3rios remoto e local)?","id":8,"type":"MultiplaEscolha"},"respondente":{"email":"rayssatmc@gmail.com","id":5,"nome":"Rayssa Castilhos","observacao":""},"respondente_id":5,"resposta":"4","timestamp":"Tue, 24 Mar 2020 14:45:58 GMT"},{"id":68,"questa_id":4,"questao":{"assunto":"git","autor":"Priscila Lemke, 302 info 2020 | Vanessa de Souza, 302 info 2020","data_cadastro":"14/03/2020","enunciado":"A respeito do github, responda: qual o comando de adicionar arquivos no reposit\u00f3rio?","id":4,"resposta":"git add \"nome do arquivo\" ou git add *","type":"Aberta"},"respondente":{"email":"rayssatmc@gmail.com","id":5,"nome":"Rayssa Castilhos","observacao":""},"respondente_id":5,"resposta":"git add *","timestamp":"Tue, 24 Mar 2020 14:46:23 GMT"},{"id":69,"questa_id":3,"questao":{"assunto":"git","autor":"Priscila Lemke, 302 info 2020 | Vanessa de Souza, 302 info 2020","data_cadastro":"14/03/2020","enunciado":"A respeito do github, responda: quais os comandos necess\u00e1rios para trazer o reposit\u00f3rio para o computador?","id":3,"resposta":"git clone https://github.com/login/repositorio.git","type":"Aberta"},"respondente":{"email":"rayssatmc@gmail.com","id":5,"nome":"Rayssa Castilhos","observacao":""},"respondente_id":5,"resposta":"git clone https://github.com/rayssa2002/TestesGit.git","timestamp":"Tue, 24 Mar 2020 14:47:19 GMT"},{"id":70,"questa_id":2,"questao":{"assunto":"git","autor":"Priscila Lemke, 302 info 2020 | Vanessa de Souza, 302 info 2020","data_cadastro":"14/03/2020","enunciado":"A respeito do github, responda: qual a diferen\u00e7a de git push e git pull?","id":2,"resposta":"git push envia e git pull traz","type":"Aberta"},"respondente":{"email":"rayssatmc@gmail.com","id":5,"nome":"Rayssa Castilhos","observacao":""},"respondente_id":5,"resposta":"git push = envia as altera\u00e7\u00f5es adicionadas e confirmadas para o reposit\u00f3rio remoto. git pull = traz as altera\u00e7\u00f5es do reposit\u00f3rio remoto e atualiza o seu reposit\u00f3rio local.","timestamp":"Tue, 24 Mar 2020 15:09:38 GMT"},{"id":71,"questa_id":5,"questao":{"assunto":"git","autor":"Priscila Lemke, 302 info 2020 | Vanessa de Souza, 302 info 2020","data_cadastro":"14/03/2020","enunciado":"A respeito do github, responda: qual \u00e9 o config exigido pelo github atrav\u00e9s do terminal?","id":5,"resposta":"git config user.email \"email\"","type":"Aberta"},"respondente":{"email":"rayssatmc@gmail.com","id":5,"nome":"Rayssa Castilhos","observacao":""},"respondente_id":5,"resposta":"git config --global --unset user.name =  retira a configura\u00e7\u00e3o de usu\u00e1rio. git config --global --unset user.email = retira a configura\u00e7\u00e3o de usu\u00e1rio.","timestamp":"Tue, 24 Mar 2020 15:10:41 GMT"},{"id":72,"questa_id":7,"questao":{"assunto":"git","autor":"Sabrina Mara, 301 info 2020 | Vinicius Gobetti, 301 info 2020 | Josef Bischof, 301 info 2020","data_cadastro":"15/03/2020","enunciado":"Considere altera\u00e7\u00f5es no reposit\u00f3rio local cujo envio para o servidor remoto (add... commit... push) resultou em conflitos de vers\u00e3o. Ao efetuar o comando \"git remote update\" e depois utilizar o \"git status\" o retorno dele foi \"behind\". Para atualizar o reposit\u00f3rio, quais comandos voc\u00ea deve utilizar para resolver a situa\u00e7\u00e3o? Considere um cen\u00e1rio de resolu\u00e7\u00e3o autom\u00e1tica de conflitos.","id":7,"resposta":"git pull e git merge","type":"Aberta"},"respondente":{"email":"rayssatmc@gmail.com","id":5,"nome":"Rayssa Castilhos","observacao":""},"respondente_id":5,"resposta":"git remote update; git merge; git pull","timestamp":"Tue, 24 Mar 2020 15:12:49 GMT"},{"id":73,"questa_id":7,"questao":{"assunto":"git","autor":"Sabrina Mara, 301 info 2020 | Vinicius Gobetti, 301 info 2020 | Josef Bischof, 301 info 2020","data_cadastro":"15/03/2020","enunciado":"Considere altera\u00e7\u00f5es no reposit\u00f3rio local cujo envio para o servidor remoto (add... commit... push) resultou em conflitos de vers\u00e3o. Ao efetuar o comando \"git remote update\" e depois utilizar o \"git status\" o retorno dele foi \"behind\". Para atualizar o reposit\u00f3rio, quais comandos voc\u00ea deve utilizar para resolver a situa\u00e7\u00e3o? Considere um cen\u00e1rio de resolu\u00e7\u00e3o autom\u00e1tica de conflitos.","id":7,"resposta":"git pull e git merge","type":"Aberta"},"respondente":{"email":"rayssatmc@gmail.com","id":5,"nome":"Rayssa Castilhos","observacao":""},"respondente_id":5,"resposta":" git pull; git merge","timestamp":"Tue, 24 Mar 2020 15:13:16 GMT"},{"id":74,"questa_id":10,"questao":{"alternativas":[{"certa":false,"descricao":"rounded","id":6},{"certa":false,"descricao":"rounded-pill","id":7},{"certa":true,"descricao":"rounded-circle","id":8},{"certa":false,"descricao":"bordered","id":9},{"certa":false,"descricao":"circle","id":10}],"assunto":"git","autor":"Hylson","data_cadastro":"16/03/2020","enunciado":"Qual \u00e9 a classe do bootstrap que permite, por exemplo, formatar uma imagem restringindo sua \u00e1rea de apresenta\u00e7\u00e3o no interior de um c\u00edrculo (isto \u00e9, circundando a imagem com um c\u00edrculo)?","id":10,"type":"MultiplaEscolha"},"respondente":{"email":"rayssatmc@gmail.com","id":5,"nome":"Rayssa Castilhos","observacao":""},"respondente_id":5,"resposta":"8","timestamp":"Tue, 24 Mar 2020 15:15:26 GMT"},{"id":75,"questa_id":11,"questao":{"assunto":"bootstrap","autor":"Hylson","data_cadastro":"16/03/2020","enunciado":"H\u00e1 uma classe do bootstrap chamada ___ que permite deixar as linhas de uma tabela do HTML com cores alternadas. Outra classe \u00fatil se chama ___ e faz com que a tabela apare\u00e7a com fundo preto.","id":11,"lacunas":"table-striped | table-dark","type":"Completar"},"respondente":{"email":"rayssatmc@gmail.com","id":5,"nome":"Rayssa Castilhos","observacao":""},"respondente_id":5,"resposta":"|","timestamp":"Tue, 24 Mar 2020 15:16:00 GMT"},{"id":76,"questa_id":9,"questao":{"assunto":"bootstrap","autor":"Hylson","data_cadastro":"16/03/2020","enunciado":"Informe os principais componentes do bootstrap que podem ser utilziados para construir um layout semelhante ao site apresentado a seguir: <img src=img/site1.png alt='site exemplo'>","id":9,"resposta":"classes row e col para grid; rounded-pill para deixar elementos em formato arredondado; h1, h2, h3... para letras grandes; m-3 ou similar para adicionar margem \u00e0s imagens.","type":"Aberta"},"respondente":{"email":"rayssatmc@gmail.com","id":5,"nome":"Rayssa Castilhos","observacao":""},"respondente_id":5,"resposta":"","timestamp":"Tue, 24 Mar 2020 15:16:36 GMT"}]
