{
    "circulos": [{
        "id": 1,
        "nome": "Circulo 1",
        "autor": "Erick José Heiler, 301 info 2020 | Lucas Vinicius Maske, 301 info 2020",
        "assuntos": ["bootstrap", "git"],
        "data": "14/03/2020"
    }],
    "respondentes": [{
            "id": 1,
            "nome": "João da silva",
            "email": "josilva@gmail.com",
            "observacao": "302 info 2020",
            "identificador": "abc",
            "token": "aaa"
        },
        {
            "id": 2,
            "nome": "Mariana Paula",
            "email": "mapa@gmail.com",
            "observacao": "301 info 2020",
            "identificador": "zzz",
            "token": "kkk"
        }
    ]
}