{
    "questoes": [

        {
            "id": 1,
            "enunciado": "Cite três vantagens de se utilizar o Bootstrap.",
            "autor": "Erick José Heiler, 301 info 2020 | Lucas Vinicius Maske, 301 info 2020",
            "assuntos": ["bootstrap"],
            "data_cadastro": "14/03/2020",
            "type": "Aberta",
            "resposta": "i) O processo de estilizar e personalizar a página se torna mais simples, já que ele vem com blocos de código prontos para usar; ii) Ele não é apenas fácil de usar, mas também acelera o desenvolvimento; iii) O Bootstrap faz os aplicativos móveis se ajustarem na resolução da tela de maneira apropriada, para o seu layout não parecer uma bagunça visto em dispositivos móveis"
        },
        {
            "id": 2,
            "enunciado": "A respeito do github, responda: qual a diferença de git push e git pull?",
            "autor": "Priscila Lemke, 302 info 2020 | Vanessa de Souza, 302 info 2020",
            "assuntos": ["git"],
            "data_cadastro": "14/03/2020",
            "type": "Aberta",
            "resposta": "git push envia e git pull traz"

        },
        {
            "id": 3,
            "enunciado": "A respeito do github, responda: quais os comandos necessários para trazer o repositório para o computador?",
            "autor": "Priscila Lemke, 302 info 2020 | Vanessa de Souza, 302 info 2020",
            "assuntos": ["git"],
            "data_cadastro": "14/03/2020",
            "type": "Aberta",
            "resposta": "git clone https://github.com/login/repositorio.git"
        },
        {
            "id": 4,
            "enunciado": "A respeito do github, responda: qual o comando de adicionar arquivos no repositório?",
            "autor": "Priscila Lemke, 302 info 2020 | Vanessa de Souza, 302 info 2020",
            "assuntos": ["git"],
            "data_cadastro": "14/03/2020",
            "type": "Aberta",
            "resposta": "git add \"nome do arquivo\" ou git add *"
        },
        {
            "id": 5,
            "enunciado": "A respeito do github, responda: qual é o config exigido pelo github através do terminal?",
            "autor": "Priscila Lemke, 302 info 2020 | Vanessa de Souza, 302 info 2020",
            "assuntos": ["git"],
            "data_cadastro": "14/03/2020",
            "type": "Aberta",
            "resposta": "git config user.email \"email\""
        },
        {
            "id": 6,
            "enunciado": "Considerando que você chegou em casa e apenas você irá usar sua máquina, forneça os comandos necessários para atualizar seu repositório e realizar as tarefas seguintes: (a) clonar o seu repositório em um computador; (b) acessar a pasta do repositório; (c) definir as configurações globais de acesso.",
            "autor": "Sabrina Mara, 301 info 2020 | Vinicius Gobetti, 301 info 2020 | Josef Bischof, 301 info 2020",
            "assuntos": ["git"],
            "data_cadastro": "15/03/2020",
            "type": "Aberta",
            "resposta": "i) git clone https://github.com/login/repositorio; ii) cd repositorio; iii) git config --global user.name login e git config --global user.email \"e-mail\""
        },
        {
            "id": 7,
            "enunciado": "Considere alterações no repositório local cujo envio para o servidor remoto (add... commit... push) resultou em conflitos de versão. Ao efetuar o comando \"git remote update\" e depois utilizar o \"git status\" o retorno dele foi \"behind\". Para atualizar o repositório, quais comandos você deve utilizar para resolver a situação? Considere um cenário de resolução automática de conflitos.",
            "autor": "Sabrina Mara, 301 info 2020 | Vinicius Gobetti, 301 info 2020 | Josef Bischof, 301 info 2020",
            "assuntos": ["git"],
            "data_cadastro": "15/03/2020",
            "type": "Aberta",
            "resposta": "git pull e git merge"

        },
        {
            "id": 8,
            "enunciado": "Qual é o parâmetro do comando git que permite realizar a fusão (ou mesclagem) de arquivos, mediante situação de conflitos originados de modificações no mesmo arquivo em locais diferentes (repositórios remoto e local)?",
            "autor": "Hylson",
            "assuntos": ["git"],
            "data_cadastro": "16/03/2020",
            "type": "MultiplaEscolha",
            "alternativas": [
                { "descricao": "add", "certa": false },
                { "descricao": "commit", "certa": false },
                { "descricao": "push", "certa": false },
                { "descricao": "merge", "certa": true },
                { "descricao": "pull", "certa": false }
            ]
        },
        {
            "id": 9,
            "enunciado": "Informe os principais componentes do bootstrap que podem ser utilizados para construir um layout semelhante ao site apresentado a seguir: <img src=site1.png alt='site exemplo'>",
            "autor": "Hylson",
            "assuntos": ["bootstrap"],
            "data_cadastro": "16/03/2020",
            "type": "Aberta",
            "resposta": "classes row e col para grid; rounded-pill para deixar elementos em formato arredondado; h1, h2, h3... para letras grandes; m-3 ou similar para adicionar margem às imagens."
        },
        {
            "id": 10,
            "enunciado": "Qual é a classe do bootstrap que permite, por exemplo, formatar uma imagem restringindo sua área de apresentação no interior de um círculo (isto é, circundando a imagem com um círculo)?",
            "autor": "Hylson",
            "assuntos": ["git"],
            "data_cadastro": "16/03/2020",
            "type": "MultiplaEscolha",
            "alternativas": [
                { "descricao": "rounded", "certa": false },
                { "descricao": "rounded-pill", "certa": false },
                { "descricao": "rounded-circle", "certa": true },
                { "descricao": "bordered", "certa": false },
                { "descricao": "circle", "certa": false }
            ]
        },
        {
            "id": 11,
            "enunciado": "Há uma classe do bootstrap chamada ___ que permite deixar as linhas de uma tabela do HTML com cores alternadas. Outra classe útil se chama ___ e faz com que a tabela apareça com fundo preto.",
            "autor": "Hylson",
            "assuntos": ["bootstrap"],
            "data_cadastro": "16/03/2020",
            "type": "Completar",
            "lacunas": "table-striped | table-dark"
        },
        {
            "id": 12,
            "enunciado": "Cite os elementos do bootstrap que podem ser utilizados para construir o site exibido (zukunft). <img src=site2.png alt='site exemplo'>",
            "autor": "Hylson",
            "assuntos": ["bootstrap"],
            "data_cadastro": "24/03/2020",
            "type": "Aberta",
            "resposta": "navbar, imagem de tamanho completo da página (img-fluid), div com altura total restante da página (vh-100), centralização de elementos (text-center, my-auto ou align-self-center) e letras grandes (display-1, display-2, ...)",
            "observacao": "https://www.behance.net/gallery/93585921/Saubermacher-Website?tracking_source=curated_galleries_interaction"
        },
        {
            "id": 13,
            "enunciado": "Qual dessas alternativas NÃO é uma característica do framework bootstrap?",
            "autor": "Hylson",
            "assuntos": ["bootstrap"],
            "data_cadastro": "24/03/2020",
            "type": "MultiplaEscolha",
            "alternativas": [
                { "descricao": "É amplamente compatível com diversos navegadores web ", "certa": false },
                { "descricao": "Possui código aberto para uso", "certa": false },
                { "descricao": "Foi projetado para ser responsivo", "certa": false },
                { "descricao": "É fácil para utilizar e rápido", "certa": false },
                { "descricao": "Foi criado para ser utilizado em computadores desktop", "certa": true }
            ],
            "observacao": "https://www.softwaretestinghelp.com/bootstrap-interview-questions/"
        },
        {
            "id": 14,
            "enunciado": "Qual dos estilos a seguir NÃO é um estilo de botão do bootstrap?",
            "autor": "Hylson",
            "assuntos": ["bootstrap"],
            "data_cadastro": "24/03/2020",
            "type": "MultiplaEscolha",
            "alternativas": [
                { "descricao": "btn-primary", "certa": false },
                { "descricao": "btn-secondary", "certa": false },
                { "descricao": "btn-main", "certa": true },
                { "descricao": "btn-success", "certa": false },
                { "descricao": "btn-info", "certa": false }
            ],
            "observacao": "https://www.softwaretestinghelp.com/bootstrap-interview-questions/"
        },
        {
            "id": 15,
            "enunciado": "Existem pequenos retângulos que são utilizados para, por exemplo, apresentar links ou valores de contadores. Qual é o nome desse componente/classe que pode ser utilizado, no bootstrap?",
            "autor": "Hylson",
            "assuntos": ["bootstrap"],
            "data_cadastro": "24/03/2020",
            "type": "MultiplaEscolha",
            "alternativas": [
                { "descricao": "body", "certa": false },
                { "descricao": "container", "certa": false },
                { "descricao": "badge", "certa": true },
                { "descricao": "navbar", "certa": false },
                { "descricao": "mx-auto", "certa": false }
            ],
            "observacao": "https://www.softwaretestinghelp.com/bootstrap-interview-questions/"
        },
        {
            "id": 16,
            "enunciado": "O sistema de grid no bootstrap oferece a divisão de colunas até um certo número máximo de colunas, que pode ser fracionado entre as colunas. Qual é esse número máximo?",
            "autor": "Hylson",
            "assuntos": ["bootstrap"],
            "data_cadastro": "24/03/2020",
            "type": "MultiplaEscolha",
            "alternativas": [
                { "descricao": "1", "certa": false },
                { "descricao": "8", "certa": false },
                { "descricao": "10", "certa": false },
                { "descricao": "12", "certa": true },
                { "descricao": "18", "certa": false },
                { "descricao": "20", "certa": false },
                { "descricao": "infinito", "certa": false }
            ],
            "observacao": "https://www.softwaretestinghelp.com/bootstrap-interview-questions/"
        },
        {
            "id": 17,
            "enunciado": "Considere o trecho de código HTML exibido a seguir, que faz uso do boostrap para configurar uma grade com linhas e colunas. Qual é o layout resultante exibido a partir do código? <br><br><img src=codigo_grade_bootstrap1.png alt='código HTML de grade bootstrap'><br>",
            "autor": "Hylson",
            "assuntos": ["bootstrap"],
            "data_cadastro": "24/03/2020",
            "type": "MultiplaEscolha",
            "alternativas": [{
                    "descricao": "<img src=grade_bootstrap1.png alt='código HTML de grade bootstrap 1'><br>",
                    "certa": false
                },
                {
                    "descricao": "<img src=grade_bootstrap2.png alt='código HTML de grade bootstrap 2'><br>",
                    "certa": false
                },
                {
                    "descricao": "<img src=grade_bootstrap3.png alt='código HTML de grade bootstrap 3'><br>",
                    "certa": false
                },
                {
                    "descricao": "<img src=grade_bootstrap4.png alt='código HTML de grade bootstrap 4'><br>",
                    "certa": true
                }
            ],
            "observacao": "https://github.com/hvescovi/programar2020/tree/master/02-front-end/02-bootstrap"
        }

    ]
}